[
  {
    "id": 738786,
    "title": "Smart Watch Changes Our Life",
    "catagory": "Tech & Shots",
    "websiteLink": "https://google.com",
    "image": "https://i.ibb.co/Wn7P286/whatch.jpg",
    "pubDate": "Sep 6 2023",
    "description": {
      "shortDes": "Smart Watch Changes Our Life",
      "longDes": "The latest Smart Watch is a revolutionary device that has the power to transform our daily lives. With advanced features such as health monitoring, fitness tracking, and seamless connectivity, it's not just a timepiece but a companion for a healthier and more connected lifestyle."
    }
  },

  {
    "id": 738787,
    "title": "Augmented Reality Glasses",
    "catagory": "Tech & Shots",
    "websiteLink": "https://google.com",
    "image": "https://i.ibb.co/Qp39qys/glass.jpg",
    "pubDate": "Sep 10 2023",
    "description": {
      "shortDes": "Experience the Future with AR Glasses",
      "longDes": "Step into the future with Augmented Reality Glasses that overlay digital information onto the real world. These sleek and lightweight glasses open up new possibilities for gaming, navigation, and immersive experiences, blurring the line between the virtual and physical realms."
    }
  },

  {
    "id": 738788,
    "title": "Quantum Computing Device",
    "catagory": "Tech & Shots",
    "websiteLink": "https://google.com",
    "image": "https://i.ibb.co/3BgrHXH/quantam.jpg",
    "pubDate": "Sep 15 2023",
    "description": {
      "shortDes": "Unleashing the Power of Quantum Computing",
      "longDes": "Experience computing like never before with the Quantum Computing Device. Harnessing the principles of quantum mechanics, this device has the potential to solve complex problems at speeds unimaginable by classical computers. Dive into a new era of computation and discovery."
    }
  },

  {
    "id": 738789,
    "title": "Foldable Smartphone",
    "catagory": "Tech & Shots",
    "websiteLink": "https://google.com",
    "image": "https://i.ibb.co/Q9xW3bG/fold.jpg",
    "pubDate": "Sep 20 2023",
    "description": {
      "shortDes": "Unfold the Future with Foldable Smartphone",
      "longDes": "Introducing the next evolution in smartphone design – the Foldable Smartphone. Seamlessly transition between a compact device and a larger screen for enhanced multitasking and entertainment. Redefine your mobile experience with cutting-edge foldable technology."
    }
  },

  {
    "id": 738790,
    "title": "AI-Powered Smart Camera",
    "catagory": "Tech & Shots",
    "websiteLink": "https://google.com",
    "image": "https://i.ibb.co/Qnz1mTc/smart.png",
    "pubDate": "Sep 25 2023",
    "description": {
      "shortDes": "Capture Moments Like Never Before",
      "longDes": "Revolutionize photography with the AI-Powered Smart Camera. This advanced camera utilizes artificial intelligence to automatically adjust settings, recognize scenes, and capture stunning images. Say goodbye to complicated camera settings and hello to effortless, high-quality photography."
    }
  },

  {
    "id": 738791,
    "title": "5G-enabled Smart Home Hub",
    "catagory": "Tech & Shots",
    "websiteLink": "https://google.com",
    "image": "https://i.ibb.co/hfTthZ0/hub.jpg",
    "pubDate": "Sep 30 2023",
    "description": {
      "shortDes": "Connect and Control Your Home with 5G",
      "longDes": "Step into the future of smart living with the revolutionary 5G-enabled Smart Home Hub, designed to redefine the way you experience and interact with your living space. This cutting-edge hub seamlessly integrates with your smart devices, offering not just connectivity but an unprecedented level of control and intelligence.\n\nImmerse yourself in the world of lightning-fast 5G connectivity, ensuring that your devices respond instantaneously to your commands. Whether you're streaming content, adjusting your home's climate, or enhancing security measures, the Smart Home Hub empowers you with the speed and efficiency of next-generation technology."
    }
  },

  {
    "id": 333333,
    "title": " Innovations Beyond Our Atmosphere",
    "category": "Science & Technology",
    "websiteLink": "https://spacetechexplorer.com",
    "image": "https://i.ibb.co/jvRsRZh/download-1.jpg",
    "pubDate": "Jun 20 2024",
    "description": {
      "shortDes": "Pushing the Boundaries of Space Tech",
      "longDes": "Discover the latest innovations in space technology, from advanced satellite systems to interplanetary missions. This article explores the groundbreaking developments that are expanding our understanding of the cosmos and opening new frontiers in space exploration."
    }
  },

  {
    "id": 123456,
    "title": "Exploring the Wonders of Space",
    "category": "Science & Discovery",
    "websiteLink": "https://nasa.gov",
    "image": "https://i.ibb.co/KNqkWPf/space.jpg",
    "pubDate": "Oct 15 2023",
    "description": {
      "shortDes": "Journey to the Stars",
      "longDes": "Embark on a mesmerizing journey through the cosmos. This article delves into the latest discoveries about distant galaxies, black holes, and the mysteries that continue to captivate astronomers and space enthusiasts alike."
    }
  },

  {
    "id": 654321,
    "title": "Innovations in Renewable Energy",
    "category": "Environment & Technology",
    "websiteLink": "https://greenenergynews.com",
    "image": "https://i.ibb.co/k9pXkmX/download.jpg",
    "pubDate": "Dec 5 2023",
    "description": {
      "shortDes": "Shaping a Sustainable Future",
      "longDes": "Explore the latest breakthroughs in renewable energy technologies that are paving the way for a more sustainable future. From solar innovations to advancements in wind power, these developments are reshaping our approach to energy production."
    }
  },

  {
    "id": 111111,
    "title": " Unlocking the Future of Computing",
    "category": "Science & Technology",
    "websiteLink": "https://quantumtech.com",
    "image": "https://i.ibb.co/gMK3QfB/download-2.jpg",
    "pubDate": "Apr 10 2024",
    "description": {
      "shortDes": "Revolutionizing Information Processing",
      "longDes": "Dive into the world of quantum computing and explore how it is reshaping the landscape of information processing. From qubits to quantum algorithms, discover the potential of this cutting-edge technology and its implications for the future of computing."
    }
  },

  {
    "id": 222222,
    "title": "Advancements in Artificial Intelligence",
    "category": "Science & Technology",
    "websiteLink": "https://aitechhub.com",
    "image": "https://i.ibb.co/s2QGtvz/i.jpg",
    "pubDate": "May 15 2024",
    "description": {
      "shortDes": "Exploring the AI Frontier",
      "longDes": "Delve into the latest breakthroughs in artificial intelligence, from machine learning to neural networks. This comprehensive exploration highlights the current state of AI research and its transformative impact on industries and everyday life."
    }
  },

  {
    "id": 112233,
    "title": "Wireless Charging Dock",
    "category": "Tech & Accessories",
    "websiteLink": "https://wirelessdock.com",
    "image": "https://i.ibb.co/fFs3PHF/wchar.jpg",
    "pubDate": "Jul 15 2023",
    "description": {
      "shortDes": "Simplify Your Charging Experience with Wireless Dock",
      "longDes": "Say goodbye to tangled cords and embrace the future of charging with our Wireless Charging Dock. Effortlessly charge your devices by simply placing them on the dock. With sleek design and fast charging capabilities, this dock is a must-have accessory for tech enthusiasts."
    }
  },

  {
    "id": 445566,
    "title": "Smart Fitness Tracker",
    "category": "Tech & Health",
    "websiteLink": "https://fitnesstracker.com",
    "image": "https://i.ibb.co/ZhRsVC9/download.jpg",
    "pubDate": "Aug 30 2023",
    "description": {
      "shortDes": "Achieve Your Fitness Goals with Smart Fitness Tracker",
      "longDes": "Monitor and optimize your health and fitness journey with our Smart Fitness Tracker. Track your steps, heart rate, sleep patterns, and more. With a sleek design and intuitive app integration, this tracker is your perfect companion on the road to a healthier lifestyle."
    }
  },

  {
    "id": 998877,
    "title": "Self-Driving Car Technology",
    "category": "Tech & Automotive",
    "websiteLink": "https://selfdrivingtech.com",
    "image": "https://i.ibb.co/Zcfs52R/download-1.jpg",
    "pubDate": "Oct 12 2023",
    "description": {
      "shortDes": "Experience the Future of Transportation",
      "longDes": "Explore the cutting edge of automotive technology with our Self-Driving Car Technology. Transform your commute with autonomous driving capabilities, advanced safety features, and a glimpse into the future of transportation. Join us as we redefine the way we travel."
    }
  }
]
